name,corpus_source,language,n_tokens,s_obs,k_star,S_hat_kstar,S_hat_cm,diff
bnc__PS1FC,bnc,English,36869,2643,6,2397.0,2397.0,0.0
bnc__PS0JA,bnc,English,21414,1879,5,1707.0,1707.0,0.0
bnc__PS065,bnc,English,15351,2013,5,1898.0,1898.0,0.0
bnc__PS0F8,bnc,English,14084,1658,5,1537.0,1537.0,0.0
bnc__PS066,bnc,English,10789,1403,5,1306.0,1306.0,0.0
bnc__PS1FE,bnc,English,10587,1412,5,1311.0,1311.0,0.0
bnc__PS1F1,bnc,English,9922,1360,5,1276.0,1276.0,0.0
bnc__PS0FA,bnc,English,9778,1434,5,1333.0,1333.0,0.0
imsdb__jfk__jim,imsdb,English,9529,2118,8,2041.0,2041.0,0.0
imsdb__withnail_and_i__i,imsdb,English,9440,1933,4,1859.0,1859.0,0.0
bnc__PS1BL,bnc,English,9425,1468,5,1385.0,1385.0,0.0
imsdb__barry_lyndon__roderick_v_o,imsdb,English,9062,2171,4,2115.0,2115.0,0.0
imsdb__four_feathers__durrance,imsdb,English,8476,1856,5,1796.0,1796.0,0.0
imsdb__days_of_heaven__bill,imsdb,English,8411,1954,4,1892.0,1892.0,0.0
imsdb__annie_hall__alvy,imsdb,English,8410,1686,4,1617.0,1617.0,0.0
clapi__m_le_pr_sident,clapi,French,2757857,17404,6,14132.0,14132.0,0.0
clapi__mme_la_pr_sidente,clapi,French,1666895,11380,6,9143.0,9143.0,0.0
clapi__m_christian_eckert,clapi,French,1203706,22011,6,18133.0,18133.0,0.0
clapi__m_charles_de_courson,clapi,French,1141531,21949,6,18184.0,18184.0,0.0
clapi__m_andr_chassaigne,clapi,French,1079080,26898,6,22785.0,22785.0,0.0
clapi__m_olivier_dussopt,clapi,French,905974,19061,6,15821.0,15821.0,0.0
clapi__m_g_rald_darmanin,clapi,French,834397,20675,6,17620.0,17620.0,0.0
clapi__m_gilles_carrez,clapi,French,792246,17764,6,14859.0,14859.0,0.0
clapi__m_fran_ois_de_rugy,clapi,French,736100,20701,6,17748.0,17748.0,0.0
clapi__m_ric_woerth,clapi,French,721522,18315,6,15608.0,15608.0,0.0
clapi__mme_emmanuelle_m_nard,clapi,French,709980,22233,6,19193.0,19193.0,0.0
clapi__m_bernard_cazeneuve,clapi,French,693114,17876,6,15135.0,15135.0,0.0
clapi__m_jean_pierre_brard,clapi,French,683727,24445,6,21654.0,21654.0,0.0
clapi__m_ugo_bernalicis,clapi,French,675389,20278,6,17525.0,17525.0,0.0
clapi__mme_marisol_touraine,clapi,French,664432,16773,6,14180.0,14180.0,0.0
dgd__pf_e_00027_se_01_t_01__s2,dgd,German,2392,638,5,623.0,623.0,0.0
dgd__pf_e_00093_se_01_t_01__s2,dgd,German,2266,601,4,584.0,584.0,0.0
dgd__zw_e_01937_se_01_t_01__s2,dgd,German,1938,550,4,533.0,533.0,0.0
dgd__pf_e_00175_se_01_t_01__s2,dgd,German,1901,741,4,729.0,729.0,0.0
dgd__pf_e_00045_se_01_t_01__s1,dgd,German,1894,710,4,700.0,700.0,0.0
dgd__zw_e_03763_se_01_t_01__s2,dgd,German,1844,586,4,575.0,575.0,0.0
dgd__zw_e_02515_se_01_t_01__s2,dgd,German,1821,617,4,605.0,605.0,0.0
dgd__pf_e_00026_se_01_t_01__s2,dgd,German,1815,588,4,577.0,577.0,0.0
dgd__pf_e_00134_se_01_t_02__gp,dgd,German,1799,632,4,621.0,621.0,0.0
dgd__pf_e_00134_se_01_t_01__s2,dgd,German,1798,639,4,628.0,628.0,0.0
dgd__pf_e_00238_se_01_t_01__s1,dgd,German,1798,677,4,667.0,667.0,0.0
dgd__pf_e_00005_se_01_t_01__s2,dgd,German,1791,546,4,533.0,533.0,0.0
dgd__pf_e_00171_se_01_t_01__s2,dgd,German,1766,567,4,556.0,556.0,0.0
dgd__pf_e_00073_se_01_t_01__s2,dgd,German,1754,655,4,647.0,647.0,0.0
dgd__pf_e_00210_se_01_t_01__s2,dgd,German,1730,600,4,589.0,589.0,0.0
shakespeare__a_midsummer_nights_dream,shakespeare,Shakespeare,16385,2974,8,2852.0,2852.0,0.0
shakespeare__alls_well_that_ends_well,shakespeare,Shakespeare,22852,3477,8,3318.0,3318.0,0.0
shakespeare__antony_and_cleopatra,shakespeare,Shakespeare,24147,3882,8,3716.0,3716.0,0.0
shakespeare__as_you_like_it,shakespeare,Shakespeare,21554,3229,8,3080.0,3080.0,0.0
shakespeare__coriolanus,shakespeare,Shakespeare,27183,3977,8,3796.0,3796.0,0.0
shakespeare__cymbeline,shakespeare,Shakespeare,27374,4206,8,4030.0,4030.0,0.0
shakespeare__hamlet,shakespeare,Shakespeare,30095,4668,8,4483.0,4483.0,0.0
shakespeare__henry_iv_part_1,shakespeare,Shakespeare,24350,3809,8,3651.0,3651.0,0.0
shakespeare__henry_iv_part_2,shakespeare,Shakespeare,25791,4043,8,3870.0,3870.0,0.0
shakespeare__henry_v,shakespeare,Shakespeare,25718,4460,8,4310.0,4310.0,0.0
shakespeare__henry_vi_part_1,shakespeare,Shakespeare,21304,3825,8,3689.0,3689.0,0.0
shakespeare__henry_vi_part_2,shakespeare,Shakespeare,25408,4076,8,3907.0,3907.0,0.0
shakespeare__henry_vi_part_3,shakespeare,Shakespeare,24177,3561,5,3380.0,3380.0,0.0
shakespeare__henry_viii,shakespeare,Shakespeare,24247,3601,5,3433.0,3433.0,0.0
shakespeare__julius_caesar,shakespeare,Shakespeare,19299,2848,5,2708.0,2708.0,0.0
shakespeare__king_john,shakespeare,Shakespeare,20699,3540,8,3390.0,3390.0,0.0
shakespeare__king_lear,shakespeare,Shakespeare,25566,4108,8,3933.0,3933.0,0.0
shakespeare__loves_labors_lost,shakespeare,Shakespeare,21055,3696,8,3561.0,3561.0,0.0
shakespeare__lucrece,shakespeare,Shakespeare,15123,3565,4,3466.0,3466.0,0.0
shakespeare__macbeth,shakespeare,Shakespeare,16737,3282,8,3157.0,3157.0,0.0
shakespeare__measure_for_measure,shakespeare,Shakespeare,21399,3285,8,3133.0,3133.0,0.0
shakespeare__much_ado_about_nothing,shakespeare,Shakespeare,21076,2947,5,2802.0,2802.0,0.0
shakespeare__othello,shakespeare,Shakespeare,26010,3720,8,3547.0,3547.0,0.0
shakespeare__pericles,shakespeare,Shakespeare,18128,3223,8,3098.0,3098.0,0.0
shakespeare__richard_ii,shakespeare,Shakespeare,22105,3644,8,3483.0,3483.0,0.0
shakespeare__richard_iii,shakespeare,Shakespeare,28770,4031,5,3840.0,3840.0,0.0
shakespeare__romeo_and_juliet,shakespeare,Shakespeare,24045,3649,8,3478.0,3478.0,0.0
shakespeare__shakespeares_sonnets,shakespeare,Shakespeare,17837,3197,8,3073.0,3073.0,0.0
shakespeare__the_comedy_of_errors,shakespeare,Shakespeare,14609,2514,8,2407.0,2407.0,0.0
shakespeare__the_merchant_of_venice,shakespeare,Shakespeare,21098,3245,8,3088.0,3088.0,0.0
shakespeare__the_merry_wives_of_windsor,shakespeare,Shakespeare,21547,3224,8,3071.0,3071.0,0.0
shakespeare__the_phoenix_and_turtle,shakespeare,Shakespeare,362,221,4,221.0,221.0,0.0
shakespeare__the_taming_of_the_shrew,shakespeare,Shakespeare,18449,2928,8,2795.0,2795.0,0.0
shakespeare__the_tempest,shakespeare,Shakespeare,16487,3171,8,3059.0,3059.0,0.0
shakespeare__the_two_gentlemen_of_verona,shakespeare,Shakespeare,17035,2694,8,2572.0,2572.0,0.0
shakespeare__the_two_noble_kinsmen,shakespeare,Shakespeare,23873,3835,8,3675.0,3675.0,0.0
shakespeare__the_winters_tale,shakespeare,Shakespeare,24858,3842,8,3675.0,3675.0,0.0
shakespeare__timon_of_athens,shakespeare,Shakespeare,18076,3254,8,3123.0,3123.0,0.0
shakespeare__titus_andronicus,shakespeare,Shakespeare,20506,3366,8,3221.0,3221.0,0.0
shakespeare__troilus_and_cressida,shakespeare,Shakespeare,25579,4158,8,3988.0,3988.0,0.0
shakespeare__twelfth_night,shakespeare,Shakespeare,19568,3074,8,2939.0,2939.0,0.0
shakespeare__venus_and_adonis,shakespeare,Shakespeare,9945,2610,4,2536.0,2536.0,0.0
shakespeare_corpus,shakespeare,Shakespeare,890426,25700,6,22385.0,22385.0,0.0
