Dataset,Tokens n,Observed types,f1,f2,Coverage,Estimator,f0_hat,S_hat,S_hat / S_obs
shakespeare__a_midsummer_nights_dream,16385,2974,1677,467,0.8977,Chao1,2887.6,5861.6,1.971
shakespeare__a_midsummer_nights_dream,16385,2974,1677,467,0.8977,iChao1,3397.8,6371.8,2.1425
shakespeare__a_midsummer_nights_dream,16385,2974,1677,467,0.8977,ACE,7787.2,10761.2,3.6184
shakespeare__a_midsummer_nights_dream,16385,2974,1677,467,0.8977,Jackknife1,1553.8,4527.8,1.5224
shakespeare__a_midsummer_nights_dream,16385,2974,1677,467,0.8977,Jackknife2,2763.5,5737.5,1.9292
shakespeare__a_midsummer_nights_dream,16385,2974,1677,467,0.8977,Breakaway,,,
shakespeare__alls_well_that_ends_well,22852,3477,1995,501,0.9127,Chao1,3811.6,7288.6,2.0962
shakespeare__alls_well_that_ends_well,22852,3477,1995,501,0.9127,iChao1,4546.8,8023.8,2.3077
shakespeare__alls_well_that_ends_well,22852,3477,1995,501,0.9127,ACE,9452.9,12929.9,3.7187
shakespeare__alls_well_that_ends_well,22852,3477,1995,501,0.9127,Jackknife1,1834.8,5311.8,1.5277
shakespeare__alls_well_that_ends_well,22852,3477,1995,501,0.9127,Jackknife2,3328.5,6805.5,1.9573
shakespeare__alls_well_that_ends_well,22852,3477,1995,501,0.9127,Breakaway,,,
shakespeare__antony_and_cleopatra,24147,3882,2268,577,0.9061,Chao1,4289.9,8171.9,2.1051
shakespeare__antony_and_cleopatra,24147,3882,2268,577,0.9061,iChao1,5100.5,8982.5,2.3139
shakespeare__antony_and_cleopatra,24147,3882,2268,577,0.9061,ACE,10997.4,14879.4,3.8329
shakespeare__antony_and_cleopatra,24147,3882,2268,577,0.9061,Jackknife1,2100.7,5982.7,1.5412
shakespeare__antony_and_cleopatra,24147,3882,2268,577,0.9061,Jackknife2,3791.4,7673.4,1.9767
shakespeare__antony_and_cleopatra,24147,3882,2268,577,0.9061,Breakaway,,,
shakespeare__as_you_like_it,21554,3229,1785,495,0.9172,Chao1,3068.0,6297.0,1.9501
shakespeare__as_you_like_it,21554,3229,1785,495,0.9172,iChao1,3686.6,6915.6,2.1417
shakespeare__as_you_like_it,21554,3229,1785,495,0.9172,ACE,8081.2,11310.2,3.5027
shakespeare__as_you_like_it,21554,3229,1785,495,0.9172,Jackknife1,1634.8,4863.8,1.5063
shakespeare__as_you_like_it,21554,3229,1785,495,0.9172,Jackknife2,2924.5,6153.5,1.9057
shakespeare__as_you_like_it,21554,3229,1785,495,0.9172,Breakaway,,,
shakespeare__coriolanus,27183,3977,2272,593,0.9164,Chao1,4170.0,8147.0,2.0485
shakespeare__coriolanus,27183,3977,2272,593,0.9164,iChao1,4965.2,8942.2,2.2485
shakespeare__coriolanus,27183,3977,2272,593,0.9164,ACE,11022.9,14999.9,3.7717
shakespeare__coriolanus,27183,3977,2272,593,0.9164,Jackknife1,2089.8,6066.8,1.5255
shakespeare__coriolanus,27183,3977,2272,593,0.9164,Jackknife2,3768.5,7745.5,1.9476
shakespeare__coriolanus,27183,3977,2272,593,0.9164,Breakaway,,,
shakespeare__cymbeline,27374,4206,2343,669,0.9144,Chao1,3925.5,8131.5,1.9333
shakespeare__cymbeline,27374,4206,2343,669,0.9144,iChao1,4683.4,8889.4,2.1135
shakespeare__cymbeline,27374,4206,2343,669,0.9144,ACE,10920.5,15126.5,3.5964
shakespeare__cymbeline,27374,4206,2343,669,0.9144,Jackknife1,2165.8,6371.8,1.5149
shakespeare__cymbeline,27374,4206,2343,669,0.9144,Jackknife2,3839.5,8045.5,1.9129
shakespeare__cymbeline,27374,4206,2343,669,0.9144,Breakaway,853307.6,857513.6,203.8787
shakespeare__hamlet,30095,4668,2768,704,0.908,Chao1,5255.1,9923.1,2.1258
shakespeare__hamlet,30095,4668,2768,704,0.908,iChao1,6158.8,10826.8,2.3194
shakespeare__hamlet,30095,4668,2768,704,0.908,ACE,13045.6,17713.6,3.7947
shakespeare__hamlet,30095,4668,2768,704,0.908,Jackknife1,2581.7,7249.7,1.5531
shakespeare__hamlet,30095,4668,2768,704,0.908,Jackknife2,4645.4,9313.4,1.9952
shakespeare__hamlet,30095,4668,2768,704,0.908,Breakaway,,,
shakespeare__henry_iv_part_1,24350,3809,2150,585,0.9117,Chao1,3791.4,7600.4,1.9954
shakespeare__henry_iv_part_1,24350,3809,2150,585,0.9117,iChao1,4463.3,8272.3,2.1718
shakespeare__henry_iv_part_1,24350,3809,2150,585,0.9117,ACE,10201.9,14010.9,3.6784
shakespeare__henry_iv_part_1,24350,3809,2150,585,0.9117,Jackknife1,1990.8,5799.8,1.5226
shakespeare__henry_iv_part_1,24350,3809,2150,585,0.9117,Jackknife2,3555.5,7364.5,1.9334
shakespeare__henry_iv_part_1,24350,3809,2150,585,0.9117,Breakaway,99223.5,103032.5,27.0498
shakespeare__henry_iv_part_2,25791,4043,2303,622,0.9107,Chao1,4089.1,8132.1,2.0114
shakespeare__henry_iv_part_2,25791,4043,2303,622,0.9107,iChao1,4877.0,8920.0,2.2063
shakespeare__henry_iv_part_2,25791,4043,2303,622,0.9107,ACE,10916.4,14959.4,3.7001
shakespeare__henry_iv_part_2,25791,4043,2303,622,0.9107,Jackknife1,2128.8,6171.8,1.5265
shakespeare__henry_iv_part_2,25791,4043,2303,622,0.9107,Jackknife2,3809.5,7852.5,1.9422
shakespeare__henry_iv_part_2,25791,4043,2303,622,0.9107,Breakaway,,,
shakespeare__henry_v,25718,4460,2528,736,0.9017,Chao1,4190.2,8650.2,1.9395
shakespeare__henry_v,25718,4460,2528,736,0.9017,iChao1,5074.6,9534.6,2.1378
shakespeare__henry_v,25718,4460,2528,736,0.9017,ACE,11581.8,16041.8,3.5968
shakespeare__henry_v,25718,4460,2528,736,0.9017,Jackknife1,2376.8,6836.8,1.5329
shakespeare__henry_v,25718,4460,2528,736,0.9017,Jackknife2,4168.5,8628.5,1.9346
shakespeare__henry_v,25718,4460,2528,736,0.9017,Breakaway,23217.0,27677.0,6.2056
shakespeare__henry_vi_part_1,21304,3825,2125,620,0.9003,Chao1,3504.2,7329.2,1.9161
shakespeare__henry_vi_part_1,21304,3825,2125,620,0.9003,iChao1,4159.3,7984.3,2.0874
shakespeare__henry_vi_part_1,21304,3825,2125,620,0.9003,ACE,9590.0,13415.0,3.5072
shakespeare__henry_vi_part_1,21304,3825,2125,620,0.9003,Jackknife1,1987.8,5812.8,1.5197
shakespeare__henry_vi_part_1,21304,3825,2125,620,0.9003,Jackknife2,3492.5,7317.5,1.9131
shakespeare__henry_vi_part_1,21304,3825,2125,620,0.9003,Breakaway,,,
shakespeare__henry_vi_part_2,25408,4076,2239,659,0.9119,Chao1,3633.2,7709.2,1.8914
shakespeare__henry_vi_part_2,25408,4076,2239,659,0.9119,iChao1,4355.4,8431.4,2.0685
shakespeare__henry_vi_part_2,25408,4076,2239,659,0.9119,ACE,10150.3,14226.3,3.4903
shakespeare__henry_vi_part_2,25408,4076,2239,659,0.9119,Jackknife1,2068.8,6144.8,1.5075
shakespeare__henry_vi_part_2,25408,4076,2239,659,0.9119,Jackknife2,3648.5,7724.5,1.8951
shakespeare__henry_vi_part_2,25408,4076,2239,659,0.9119,Breakaway,,,
shakespeare__henry_vi_part_3,24177,3561,1880,590,0.9222,Chao1,2812.9,6373.9,1.7899
shakespeare__henry_vi_part_3,24177,3561,1880,590,0.9222,iChao1,3389.4,6950.4,1.9518
shakespeare__henry_vi_part_3,24177,3561,1880,590,0.9222,ACE,8256.4,11817.4,3.3186
shakespeare__henry_vi_part_3,24177,3561,1880,590,0.9222,Jackknife1,1697.8,5258.8,1.4768
shakespeare__henry_vi_part_3,24177,3561,1880,590,0.9222,Jackknife2,2987.6,6548.6,1.839
shakespeare__henry_vi_part_3,24177,3561,1880,590,0.9222,Breakaway,33576.3,37137.3,10.4289
shakespeare__henry_viii,24247,3601,1959,557,0.9192,Chao1,3275.6,6876.6,1.9096
shakespeare__henry_viii,24247,3601,1959,557,0.9192,iChao1,3872.6,7473.6,2.0754
shakespeare__henry_viii,24247,3601,1959,557,0.9192,ACE,9304.6,12905.6,3.5839
shakespeare__henry_viii,24247,3601,1959,557,0.9192,Jackknife1,1789.8,5390.8,1.497
shakespeare__henry_viii,24247,3601,1959,557,0.9192,Jackknife2,3191.5,6792.5,1.8863
shakespeare__henry_viii,24247,3601,1959,557,0.9192,Breakaway,,,
shakespeare__julius_caesar,19299,2848,1536,446,0.9204,Chao1,2503.6,5351.6,1.8791
shakespeare__julius_caesar,19299,2848,1536,446,0.9204,iChao1,2966.0,5814.0,2.0414
shakespeare__julius_caesar,19299,2848,1536,446,0.9204,ACE,7203.9,10051.9,3.5295
shakespeare__julius_caesar,19299,2848,1536,446,0.9204,Jackknife1,1394.8,4242.8,1.4897
shakespeare__julius_caesar,19299,2848,1536,446,0.9204,Jackknife2,2484.5,5332.5,1.8724
shakespeare__julius_caesar,19299,2848,1536,446,0.9204,Breakaway,573960.9,576808.9,202.5312
shakespeare__king_john,20699,3540,2007,586,0.903,Chao1,3285.5,6825.5,1.9281
shakespeare__king_john,20699,3540,2007,586,0.903,iChao1,3935.9,7475.9,2.1118
shakespeare__king_john,20699,3540,2007,586,0.903,ACE,9549.5,13089.5,3.6976
shakespeare__king_john,20699,3540,2007,586,0.903,Jackknife1,1855.8,5395.8,1.5242
shakespeare__king_john,20699,3540,2007,586,0.903,Jackknife2,3276.5,6816.5,1.9256
shakespeare__king_john,20699,3540,2007,586,0.903,Breakaway,11516.1,15056.1,4.2531
shakespeare__king_lear,25566,4108,2394,585,0.9064,Chao1,4722.0,8830.0,2.1495
shakespeare__king_lear,25566,4108,2394,585,0.9064,iChao1,5521.8,9629.8,2.3442
shakespeare__king_lear,25566,4108,2394,585,0.9064,ACE,11899.5,16007.5,3.8967
shakespeare__king_lear,25566,4108,2394,585,0.9064,Jackknife1,2217.8,6325.8,1.5399
shakespeare__king_lear,25566,4108,2394,585,0.9064,Jackknife2,4026.4,8134.4,1.9801
shakespeare__king_lear,25566,4108,2394,585,0.9064,Breakaway,,,
shakespeare__loves_labors_lost,21055,3696,2063,613,0.902,Chao1,3335.0,7031.0,1.9023
shakespeare__loves_labors_lost,21055,3696,2063,613,0.902,iChao1,3992.2,7688.2,2.0801
shakespeare__loves_labors_lost,21055,3696,2063,613,0.902,ACE,9282.4,12978.4,3.5115
shakespeare__loves_labors_lost,21055,3696,2063,613,0.902,Jackknife1,1926.8,5622.8,1.5213
shakespeare__loves_labors_lost,21055,3696,2063,613,0.902,Jackknife2,3376.5,7072.5,1.9136
shakespeare__loves_labors_lost,21055,3696,2063,613,0.902,Breakaway,22375.2,26071.2,7.0539
shakespeare__lucrece,15123,3565,2117,609,0.86,Chao1,3579.1,7144.1,2.0039
shakespeare__lucrece,15123,3565,2117,609,0.86,iChao1,4259.2,7824.2,2.1947
shakespeare__lucrece,15123,3565,2117,609,0.86,ACE,9436.7,13001.7,3.6471
shakespeare__lucrece,15123,3565,2117,609,0.86,Jackknife1,2016.7,5581.7,1.5657
shakespeare__lucrece,15123,3565,2117,609,0.86,Jackknife2,3524.4,7089.4,1.9886
shakespeare__lucrece,15123,3565,2117,609,0.86,Breakaway,12317.2,15882.2,4.455
shakespeare__macbeth,16737,3282,1957,495,0.8831,Chao1,3742.0,7024.0,2.1402
shakespeare__macbeth,16737,3282,1957,495,0.8831,iChao1,4333.2,7615.2,2.3203
shakespeare__macbeth,16737,3282,1957,495,0.8831,ACE,9449.6,12731.6,3.8792
shakespeare__macbeth,16737,3282,1957,495,0.8831,Jackknife1,1830.7,5112.7,1.5578
shakespeare__macbeth,16737,3282,1957,495,0.8831,Jackknife2,3292.4,6574.4,2.0032
shakespeare__macbeth,16737,3282,1957,495,0.8831,Breakaway,59792.3,63074.3,19.2183
shakespeare__measure_for_measure,21399,3285,1907,481,0.9109,Chao1,3626.8,6911.8,2.104
shakespeare__measure_for_measure,21399,3285,1907,481,0.9109,iChao1,4290.7,7575.7,2.3062
shakespeare__measure_for_measure,21399,3285,1907,481,0.9109,ACE,9027.7,12312.7,3.7481
shakespeare__measure_for_measure,21399,3285,1907,481,0.9109,Jackknife1,1753.7,5038.7,1.5339
shakespeare__measure_for_measure,21399,3285,1907,481,0.9109,Jackknife2,3179.4,6464.4,1.9679
shakespeare__measure_for_measure,21399,3285,1907,481,0.9109,Breakaway,,,
shakespeare__much_ado_about_nothing,21076,2947,1626,450,0.9229,Chao1,2791.2,5738.2,1.9471
shakespeare__much_ado_about_nothing,21076,2947,1626,450,0.9229,iChao1,3251.8,6198.8,2.1034
shakespeare__much_ado_about_nothing,21076,2947,1626,450,0.9229,ACE,7813.3,10760.3,3.6513
shakespeare__much_ado_about_nothing,21076,2947,1626,450,0.9229,Jackknife1,1479.8,4426.8,1.5021
shakespeare__much_ado_about_nothing,21076,2947,1626,450,0.9229,Jackknife2,2655.5,5602.5,1.9011
shakespeare__much_ado_about_nothing,21076,2947,1626,450,0.9229,Breakaway,19201.0,22148.0,7.5154
shakespeare__othello,26010,3720,2089,562,0.9197,Chao1,3708.1,7428.1,1.9968
shakespeare__othello,26010,3720,2089,562,0.9197,iChao1,4376.4,8096.4,2.1764
shakespeare__othello,26010,3720,2089,562,0.9197,ACE,9745.9,13465.9,3.6199
shakespeare__othello,26010,3720,2089,562,0.9197,Jackknife1,1914.8,5634.8,1.5147
shakespeare__othello,26010,3720,2089,562,0.9197,Jackknife2,3441.5,7161.5,1.9251
shakespeare__othello,26010,3720,2089,562,0.9197,Breakaway,,,
shakespeare__pericles,18128,3223,1827,526,0.8992,Chao1,3046.5,6269.5,1.9452
shakespeare__pericles,18128,3223,1827,526,0.8992,iChao1,3618.2,6841.2,2.1226
shakespeare__pericles,18128,3223,1827,526,0.8992,ACE,8421.4,11644.4,3.6129
shakespeare__pericles,18128,3223,1827,526,0.8992,Jackknife1,1700.8,4923.8,1.5277
shakespeare__pericles,18128,3223,1827,526,0.8992,Jackknife2,3001.5,6224.5,1.9313
shakespeare__pericles,18128,3223,1827,526,0.8992,Breakaway,11325.7,14548.7,4.514
shakespeare__richard_ii,22105,3644,2019,576,0.9087,Chao1,3376.1,7020.1,1.9265
shakespeare__richard_ii,22105,3644,2019,576,0.9087,iChao1,4027.7,7671.7,2.1053
shakespeare__richard_ii,22105,3644,2019,576,0.9087,ACE,8980.4,12624.4,3.4644
shakespeare__richard_ii,22105,3644,2019,576,0.9087,Jackknife1,1856.8,5500.8,1.5095
shakespeare__richard_ii,22105,3644,2019,576,0.9087,Jackknife2,3299.5,6943.5,1.9055
shakespeare__richard_ii,22105,3644,2019,576,0.9087,Breakaway,,,
shakespeare__richard_iii,28770,4031,2102,660,0.9269,Chao1,3155.0,7186.0,1.7827
shakespeare__richard_iii,28770,4031,2102,660,0.9269,iChao1,3897.1,7928.1,1.9668
shakespeare__richard_iii,28770,4031,2102,660,0.9269,ACE,9515.1,13546.1,3.3605
shakespeare__richard_iii,28770,4031,2102,660,0.9269,Jackknife1,1909.8,5940.8,1.4738
shakespeare__richard_iii,28770,4031,2102,660,0.9269,Jackknife2,3351.6,7382.6,1.8315
shakespeare__richard_iii,28770,4031,2102,660,0.9269,Breakaway,,,
shakespeare__romeo_and_juliet,24045,3649,2023,568,0.9159,Chao1,3430.2,7079.2,1.94
shakespeare__romeo_and_juliet,24045,3649,2023,568,0.9159,iChao1,4082.3,7731.3,2.1187
shakespeare__romeo_and_juliet,24045,3649,2023,568,0.9159,ACE,9576.7,13225.7,3.6245
shakespeare__romeo_and_juliet,24045,3649,2023,568,0.9159,Jackknife1,1850.8,5499.8,1.5072
shakespeare__romeo_and_juliet,24045,3649,2023,568,0.9159,Jackknife2,3305.5,6954.5,1.9059
shakespeare__romeo_and_juliet,24045,3649,2023,568,0.9159,Breakaway,26052.5,29701.5,8.1396
shakespeare__shakespeares_sonnets,17837,3197,1806,510,0.8987,Chao1,3072.3,6269.3,1.961
shakespeare__shakespeares_sonnets,17837,3197,1806,510,0.8987,iChao1,3713.5,6910.5,2.1616
shakespeare__shakespeares_sonnets,17837,3197,1806,510,0.8987,ACE,8253.5,11450.5,3.5816
shakespeare__shakespeares_sonnets,17837,3197,1806,510,0.8987,Jackknife1,1680.8,4877.8,1.5257
shakespeare__shakespeares_sonnets,17837,3197,1806,510,0.8987,Jackknife2,2976.5,6173.5,1.931
shakespeare__shakespeares_sonnets,17837,3197,1806,510,0.8987,Breakaway,,,
shakespeare__the_comedy_of_errors,14609,2514,1442,373,0.9013,Chao1,2678.9,5192.9,2.0656
shakespeare__the_comedy_of_errors,14609,2514,1442,373,0.9013,iChao1,3154.0,5668.0,2.2546
shakespeare__the_comedy_of_errors,14609,2514,1442,373,0.9013,ACE,7054.1,9568.1,3.8059
shakespeare__the_comedy_of_errors,14609,2514,1442,373,0.9013,Jackknife1,1333.8,3847.8,1.5305
shakespeare__the_comedy_of_errors,14609,2514,1442,373,0.9013,Jackknife2,2402.5,4916.5,1.9556
shakespeare__the_comedy_of_errors,14609,2514,1442,373,0.9013,Breakaway,,,
shakespeare__the_merchant_of_venice,21098,3245,1835,496,0.913,Chao1,3235.9,6480.9,1.9972
shakespeare__the_merchant_of_venice,21098,3245,1835,496,0.913,iChao1,3938.9,7183.9,2.2138
shakespeare__the_merchant_of_venice,21098,3245,1835,496,0.913,ACE,8876.0,12121.0,3.7353
shakespeare__the_merchant_of_venice,21098,3245,1835,496,0.913,Jackknife1,1676.8,4921.8,1.5167
shakespeare__the_merchant_of_venice,21098,3245,1835,496,0.913,Jackknife2,3015.5,6260.5,1.9293
shakespeare__the_merchant_of_venice,21098,3245,1835,496,0.913,Breakaway,,,
shakespeare__the_merry_wives_of_windsor,21547,3224,1866,453,0.9134,Chao1,3688.7,6912.7,2.1441
shakespeare__the_merry_wives_of_windsor,21547,3224,1866,453,0.9134,iChao1,4264.8,7488.8,2.3228
shakespeare__the_merry_wives_of_windsor,21547,3224,1866,453,0.9134,ACE,9116.3,12340.3,3.8276
shakespeare__the_merry_wives_of_windsor,21547,3224,1866,453,0.9134,Jackknife1,1711.8,4935.8,1.5309
shakespeare__the_merry_wives_of_windsor,21547,3224,1866,453,0.9134,Jackknife2,3124.4,6348.4,1.9691
shakespeare__the_merry_wives_of_windsor,21547,3224,1866,453,0.9134,Breakaway,,,
shakespeare__the_phoenix_and_turtle,362,221,175,21,0.5166,Chao1,726.0,947.0,4.2851
shakespeare__the_phoenix_and_turtle,362,221,175,21,0.5166,iChao1,794.0,1015.0,4.5927
shakespeare__the_phoenix_and_turtle,362,221,175,21,0.5166,ACE,1172.0,1393.0,6.3031
shakespeare__the_phoenix_and_turtle,362,221,175,21,0.5166,Jackknife1,173.5,394.5,1.785
shakespeare__the_phoenix_and_turtle,362,221,175,21,0.5166,Jackknife2,326.6,547.6,2.478
shakespeare__the_phoenix_and_turtle,362,221,175,21,0.5166,Breakaway,1690.6,1911.6,8.6499
shakespeare__the_taming_of_the_shrew,18449,2928,1643,458,0.9109,Chao1,2812.6,5740.6,1.9606
shakespeare__the_taming_of_the_shrew,18449,2928,1643,458,0.9109,iChao1,3349.4,6277.4,2.1439
shakespeare__the_taming_of_the_shrew,18449,2928,1643,458,0.9109,ACE,7635.0,10563.0,3.6076
shakespeare__the_taming_of_the_shrew,18449,2928,1643,458,0.9109,Jackknife1,1508.8,4436.8,1.5153
shakespeare__the_taming_of_the_shrew,18449,2928,1643,458,0.9109,Jackknife2,2693.5,5621.5,1.9199
shakespeare__the_taming_of_the_shrew,18449,2928,1643,458,0.9109,Breakaway,12698.3,15626.3,5.3369
shakespeare__the_tempest,16487,3171,1865,474,0.8869,Chao1,3555.5,6726.5,2.1213
shakespeare__the_tempest,16487,3171,1865,474,0.8869,iChao1,4169.2,7340.2,2.3148
shakespeare__the_tempest,16487,3171,1865,474,0.8869,ACE,9059.6,12230.6,3.857
shakespeare__the_tempest,16487,3171,1865,474,0.8869,Jackknife1,1751.7,4922.7,1.5524
shakespeare__the_tempest,16487,3171,1865,474,0.8869,Jackknife2,3142.4,6313.4,1.991
shakespeare__the_tempest,16487,3171,1865,474,0.8869,Breakaway,,,
shakespeare__the_two_gentlemen_of_verona,17035,2694,1488,416,0.9127,Chao1,2537.8,5231.8,1.942
shakespeare__the_two_gentlemen_of_verona,17035,2694,1488,416,0.9127,iChao1,3024.2,5718.2,2.1226
shakespeare__the_two_gentlemen_of_verona,17035,2694,1488,416,0.9127,ACE,6767.5,9461.5,3.5121
shakespeare__the_two_gentlemen_of_verona,17035,2694,1488,416,0.9127,Jackknife1,1364.8,4058.8,1.5066
shakespeare__the_two_gentlemen_of_verona,17035,2694,1488,416,0.9127,Jackknife2,2436.5,5130.5,1.9044
shakespeare__the_two_gentlemen_of_verona,17035,2694,1488,416,0.9127,Breakaway,,,
shakespeare__the_two_noble_kinsmen,23873,3835,2215,565,0.9072,Chao1,4180.3,8015.3,2.09
shakespeare__the_two_noble_kinsmen,23873,3835,2215,565,0.9072,iChao1,4861.3,8696.3,2.2676
shakespeare__the_two_noble_kinsmen,23873,3835,2215,565,0.9072,ACE,10725.9,14560.9,3.7968
shakespeare__the_two_noble_kinsmen,23873,3835,2215,565,0.9072,Jackknife1,2053.8,5888.8,1.5355
shakespeare__the_two_noble_kinsmen,23873,3835,2215,565,0.9072,Jackknife2,3703.5,7538.5,1.9657
shakespeare__the_two_noble_kinsmen,23873,3835,2215,565,0.9072,Breakaway,,,
shakespeare__the_winters_tale,24858,3842,2200,601,0.9115,Chao1,3858.2,7700.2,2.0042
shakespeare__the_winters_tale,24858,3842,2200,601,0.9115,iChao1,4653.8,8495.8,2.2113
shakespeare__the_winters_tale,24858,3842,2200,601,0.9115,ACE,10324.7,14166.7,3.6873
shakespeare__the_winters_tale,24858,3842,2200,601,0.9115,Jackknife1,2031.8,5873.8,1.5288
shakespeare__the_winters_tale,24858,3842,2200,601,0.9115,Jackknife2,3630.5,7472.5,1.9449
shakespeare__the_winters_tale,24858,3842,2200,601,0.9115,Breakaway,113300.3,117142.3,30.4899
shakespeare__timon_of_athens,18076,3254,1868,489,0.8967,Chao1,3435.4,6689.4,2.0558
shakespeare__timon_of_athens,18076,3254,1868,489,0.8967,iChao1,4092.0,7346.0,2.2575
shakespeare__timon_of_athens,18076,3254,1868,489,0.8967,ACE,8758.7,12012.7,3.6917
shakespeare__timon_of_athens,18076,3254,1868,489,0.8967,Jackknife1,1735.8,4989.8,1.5334
shakespeare__timon_of_athens,18076,3254,1868,489,0.8967,Jackknife2,3114.5,6368.5,1.9571
shakespeare__timon_of_athens,18076,3254,1868,489,0.8967,Breakaway,,,
shakespeare__titus_andronicus,20506,3366,1857,542,0.9094,Chao1,3034.8,6400.8,1.9016
shakespeare__titus_andronicus,20506,3366,1857,542,0.9094,iChao1,3642.0,7008.0,2.082
shakespeare__titus_andronicus,20506,3366,1857,542,0.9094,ACE,8653.5,12019.5,3.5709
shakespeare__titus_andronicus,20506,3366,1857,542,0.9094,Jackknife1,1710.8,5076.8,1.5082
shakespeare__titus_andronicus,20506,3366,1857,542,0.9094,Jackknife2,3025.5,6391.5,1.8988
shakespeare__titus_andronicus,20506,3366,1857,542,0.9094,Breakaway,36875.5,40241.5,11.9553
shakespeare__troilus_and_cressida,25579,4158,2446,591,0.9044,Chao1,4890.2,9048.2,2.1761
shakespeare__troilus_and_cressida,25579,4158,2446,591,0.9044,iChao1,5762.4,9920.4,2.3859
shakespeare__troilus_and_cressida,25579,4158,2446,591,0.9044,ACE,11978.6,16136.6,3.8809
shakespeare__troilus_and_cressida,25579,4158,2446,591,0.9044,Jackknife1,2274.7,6432.7,1.5471
shakespeare__troilus_and_cressida,25579,4158,2446,591,0.9044,Jackknife2,4129.4,8287.4,1.9931
shakespeare__troilus_and_cressida,25579,4158,2446,591,0.9044,Breakaway,,,
shakespeare__twelfth_night,19568,3074,1787,439,0.9087,Chao1,3500.6,6574.6,2.1388
shakespeare__twelfth_night,19568,3074,1787,439,0.9087,iChao1,4009.1,7083.1,2.3042
shakespeare__twelfth_night,19568,3074,1787,439,0.9087,ACE,8758.1,11832.1,3.8491
shakespeare__twelfth_night,19568,3074,1787,439,0.9087,Jackknife1,1650.7,4724.7,1.537
shakespeare__twelfth_night,19568,3074,1787,439,0.9087,Jackknife2,2998.4,6072.4,1.9754
shakespeare__twelfth_night,19568,3074,1787,439,0.9087,Breakaway,,,
shakespeare__venus_and_adonis,9945,2610,1650,404,0.8341,Chao1,3293.8,5903.8,2.262
shakespeare__venus_and_adonis,9945,2610,1650,404,0.8341,iChao1,3909.1,6519.1,2.4977
shakespeare__venus_and_adonis,9945,2610,1650,404,0.8341,ACE,8141.8,10751.8,4.1195
shakespeare__venus_and_adonis,9945,2610,1650,404,0.8341,Jackknife1,1574.7,4184.7,1.6033
shakespeare__venus_and_adonis,9945,2610,1650,404,0.8341,Jackknife2,2820.3,5430.3,2.0806
shakespeare__venus_and_adonis,9945,2610,1650,404,0.8341,Breakaway,,,
shakespeare_corpus,890426,25700,9704,3562,0.9891,Chao1,9902.2,35602.2,1.3853
shakespeare_corpus,890426,25700,9704,3562,0.9891,iChao1,12490.4,38190.4,1.486
shakespeare_corpus,890426,25700,9704,3562,0.9891,ACE,41926.2,67626.2,2.6314
shakespeare_corpus,890426,25700,9704,3562,0.9891,Jackknife1,6387.9,32087.9,1.2486
shakespeare_corpus,890426,25700,9704,3562,0.9891,Jackknife2,12529.8,38229.8,1.4875
shakespeare_corpus,890426,25700,9704,3562,0.9891,Breakaway,,,
